/*
SQLyog Enterprise Trial - MySQL GUI v8.05 
MySQL - 5.1.22-rc-community : Database - xiaoxiang88888888
*********************************************************************
*/

/*!40101 SET NAMES utf8 */;

/*!40101 SET SQL_MODE=''*/;

/*!40014 SET @OLD_FOREIGN_KEY_CHECKS=@@FOREIGN_KEY_CHECKS, FOREIGN_KEY_CHECKS=0 */;
/*!40101 SET @OLD_SQL_MODE=@@SQL_MODE, SQL_MODE='NO_AUTO_VALUE_ON_ZERO' */;

/*Data for the table `area` */

insert  into `area`(`AREAID`,`ARE_AREAID`,`AREACODE`,`AREANAME`,`ORDERNO`,`REMARK`) values ('01','1','1','江苏省','9',NULL),('02','1','2','安徽省','10',NULL),('03','2','3','河北省','11',NULL),('04','2','4','山东省','12',NULL),('05','2','5','山西省','13',NULL),('06','2','6','内蒙古自治区','14',NULL),('07','3','7','湖南省','15',NULL),('08','3','8','河南省','16',NULL),('09','4','9','广西省','17',NULL),('0d470b6a093541b08b8f642b4ba64d98','0','id','id','0','测试事务2'),('0e4d8b56d8b84c869cf56d94b659cea7','0','id','id','0','测试事务2'),('0eb88617027244a0bebb16a95c006a29','0','id','id','0','测试事务2'),('1','90','1','华东地区','1',NULL),('10','5','10','黑龙江','18',NULL),('1000','1','1000','地区1000','1000','标记1000'),('1001','1','1001','地区1001','1001','标记1001'),('1002','1','1002','地区1002','1002','标记1002'),('1003','1','1003','地区1003','1003','标记1003'),('1004','1','1004','地区1004','1004','标记1004'),('1005','1','1005','地区1005','1005','标记1005'),('1006','1','1006','地区1006','1006','标记1006'),('1007','1','1007','地区1007','1007','标记1007'),('1008','1','1008','地区1008','1008','标记1008'),('1009','1','1009','地区1009','1009','标记1009'),('1010','1','1010','地区1010','1010','标记1010'),('1011','1','1011','地区1011','1011','标记1011'),('1012','1','1012','地区1012','1012','标记1012'),('1013','1','1013','地区1013','1013','标记1013'),('1014','1','1014','地区1014','1014','标记1014'),('1015','1','1015','地区1015','1015','标记1015'),('1016','1','1016','地区1016','1016','标记1016'),('1017','1','1017','地区1017','1017','标记1017'),('1018','1','1018','地区1018','1018','标记1018'),('1019','1','1019','地区1019','1019','标记1019'),('1020','1','1020','地区1020','1020','标记1020'),('1021','1','1021','地区1021','1021','标记1021'),('1022','1','1022','地区1022','1022','标记1022'),('1023','1','1023','地区1023','1023','标记1023'),('1024','1','1024','地区1024','1024','标记1024'),('1025','1','1025','地区1025','1025','标记1025'),('1026','1','1026','地区1026','1026','标记1026'),('1027','1','1027','地区1027','1027','标记1027'),('1028','1','1028','地区1028','1028','标记1028'),('1029','1','1029','地区1029','1029','标记1029'),('1040','1','1040','地区1040','1040','标记1040'),('1041','1','1041','地区1041','1041','标记1041'),('1042','1','1042','地区1042','1042','标记1042'),('1043','1','1043','地区1043','1043','标记1043'),('1044','1','1044','地区1044','1044','标记1044'),('1045','1','1045','地区1045','1045','标记1045'),('1046','1','1046','地区1046','1046','标记1046'),('1047','1','1047','地区1047','1047','标记1047'),('1048','1','1048','地区1048','1048','标记1048'),('1049','1','1049','地区1049','1049','标记1049'),('11','5','11','陕西省','19',NULL),('110','2','13','北京市','21',NULL),('12','5','12','吉林省','20',NULL),('130','6','14','甘肃省','22',NULL),('160','5','15','辽宁省','25',NULL),('161','1','16','浙江省','26',NULL),('162','1','17','福建省','27',NULL),('163','1','18','江西省','28',NULL),('164','3','19','湖北省','29',NULL),('165','4','20','广东省','30',NULL),('166','4','21','海南省','31',NULL),('167','7','22','四川省','32',NULL),('168','7','23','贵州省','33',NULL),('169','7','24','云南省','34',NULL),('170','7','25','西藏自治区','35',NULL),('171','6','26','陕西省','36',NULL),('172','6','27','青海省','37',NULL),('173','5','28','天津市','38',NULL),('174','1','29','上海市','39',NULL),('175','7','30','重庆市','40',NULL),('190','6','31','宁夏自治区','23',NULL),('191','7','32','新疆自治区','24',NULL),('1a43e0c2edd14a9d8c55762e1138f32e','0','id','id','0','测试事务2'),('2',NULL,'2','华北地区','2',NULL),('2061bed34b82497fb51d3168413110f1','0','id','id','0','测试事务2'),('21cf20a0fd16439d8322bc7f38cd23e3','0','id','id','0','测试事务2'),('25d0ff008f97415fa512be4e9ceac7ba','0','id','id','0','测试事务2'),('26bcb89d0bb940eb804a45e43c9f2f09','0','id','id','0','测试事务2'),('3',NULL,'3','华中地区','3',NULL),('31b47fcdcd9343129fae1609ab5fe514','0','id','id','0','测试事务2'),('4',NULL,'4','华南地区','4',NULL),('421fac8440de4bbc8a3ee5a88a3b79b3','0','id','id','0','测试事务2'),('472f71e581e24f0d8b970fca8c34675c','0','id','id','0','测试事务2'),('476384c1f96d4ffcbb93d8846346153a','0','id','id','0','测试事务2'),('498d2cd840f34f0e8f8bd6712d9f1b0d','0','id','id','0','测试事务2'),('4b4249c193ba48ea89319ff92d649970','0','id','id','0','测试事务2'),('5',NULL,'5','东北地区','5',NULL),('5102b70cd8aa4016833f70b20d8f4989','0','id','id','0','测试事务2'),('53f6268c9d74476b9bb203945cf045c0','0','id','id','0','测试事务2'),('554178f6c1ad4614a59bb02d32e829f8','0','id','id','0','测试事务2'),('55d7f11c758d48b98bbb49bf052c5706','0','id','id','0','测试事务2'),('6',NULL,'6','西北地区','6',NULL),('6287f968338646ccac027fe36b5234ea','0','id','id','0','测试事务2'),('649850dcdd734af29f82975146cb142f','0','id','id','0','测试事务2'),('6bb274b2774446629fea151ac10b4875','0','id','id','0','测试事务2'),('7',NULL,'7','西南地区','7',NULL),('7028942640e8480d96010bf81d0531d6','0','id','id','0','测试事务2'),('7d1b7464d66a4bac98eb78467a717175','0','id','id','0','测试事务2'),('7d76e8453dfe4ebb912e2d8a3804aae5','0','id','id','0','测试事务2'),('7e9ac5a31e3a4325b9e42be780e92b7c','0','id','id','0','测试事务2'),('8057a62b454a4c78b1e1e9634ba4472d','0','id','id','0','测试事务2'),('80d1c63c638e4d2386f34698e72279d8','0','id','id','0','测试事务2'),('85db9963cf354f7d879c31ee364e8f9c','0','id','id','0','测试事务2'),('888','0','888','888','1','888肖祥'),('8b426441d38b4cef8ca9b0d60c6af7de','0','id','id','0','测试事务2'),('8c1679cafb9441c9bac9e01bf8b8f5c0','0','id','id','0','测试事务2'),('8f7741f9d2594df7a4328c4244ea8603','0','id','id','0','测试事务2'),('999','0','888','999','1','999肖祥'),('99999','0','9999','99999','1','99999肖祥'),('999999','0','99999','999999','1','999999肖祥'),('9a54403e0d7848199e4e3f253ca10e06','0','id','id','0','测试事务2'),('a099bcea94af44489ceee43e94289097','0','id','id','0','测试事务2'),('a92deb3d00074ca5b88dd70fbb789bbf','0','id','id','0','测试事务2'),('aad9cd5da75144c1bcc160353dfb9a73','0','id','id','0','测试事务2'),('b9bcf07cbedb431b9e1a125dff9b875a','0','id','id','0','测试事务2'),('baccbaf5295149228e9f1db91e498e3e','0','id','id','0','测试事务2'),('bd4b405d12c346019226db097168ce6c','0','id','id','0','测试事务2'),('c349b8b8804a47d6b2483fb20c226f08','0','id','id','0','测试事务2'),('c728720886c049c68af843fdb13c0e27','0','id','id','0','测试事务2'),('c8d7d83c884243479fd25bb1f1c20007','0','id','id','0','测试事务2'),('ddac2363ce354ac685e1853ecadaedea','0','id','id','0','测试事务2'),('e3f42c81892646c7a3974e4d024ca8a5','0','id','id','0','测试事务2'),('e6f5303adcfd45ee975f65eecbf3307f','0','id','id','0','测试事务2'),('eb691b9eeed0477eb8f3d75f9881e131','0','id','id','0','测试事务2'),('efa03b73dd6e4a2f882d8681e335d080','0','id','id','0','测试事务2'),('efbdb0fa2182442f8d2641a4ac4f8e2b','0','id','id','0','测试事务2'),('f1eb4a60b1934025882bed5aad816311','0','id','id','0','测试事务2'),('f48403e3b95c47fbb0201cad28756fd9','0','id','id','0','测试事务2'),('f632dbb846c7498e914a5abda8476601','0','id','id','0','测试事务2'),('f9192e907e1446b2852f0a5245648f64','0','id','id','0','测试事务2');

/*Data for the table `awoke` */

/*Data for the table `awoke_daymanage` */

/*Data for the table `awoke_href_param` */

/*Data for the table `awoke_incepters` */

/*Data for the table `awoke_subhref` */

/*Data for the table `awoke_subhref_param` */

/*Data for the table `awoketype` */

/*Data for the table `comm_annex` */

/*Data for the table `comm_annextype` */

insert  into `comm_annextype`(`ANNEXTYPE_ID`,`ANNEXTYPE_CODE`,`ANNEXTYPE_NAME`,`ORDERNO`,`REMARK`) values ('1','file','文档类型','1','文档类型'),('2','picture','图片类型','2','图片类型'),('3','falsh','FALSH类型','3','FALSH类型'),('4','movie','影片类型','4','影片类型');

/*Data for the table `comm_friendlylink` */

/*Data for the table `comm_linktype` */

insert  into `comm_linktype`(`LINKTYPEID`,`COM_LINKTYPEID`,`LINKTYPECODE`,`LINKTYPENAME`,`ORDERNO`,`REMARK`) values ('',NULL,NULL,NULL,NULL,NULL);

/*Data for the table `comm_logdetail` */

/*Data for the table `comm_logmanage` */

/*Data for the table `comm_sysaffiche` */

/*Data for the table `comm_sysmessage` */

/*Data for the table `dd_dictionary` */

insert  into `dd_dictionary`(`DATAID`,`DTID`,`DATANAME`,`TABLENAME`,`ORDERNO`,`REMARK`) values ('4028e45d14caec910114eec4e9c0000c','10002','部门',NULL,'2',NULL),('4028e45d14caec910114eec4e9c0001c','10001','集团公司',NULL,'1',NULL),('4028e45d14caec910114eec4e9c0002c','10001','分子公司',NULL,'2',NULL),('4028e45d14caec910114eec4e9c0003c','10001','电厂',NULL,'3',NULL),('4028e45d14caec910114eec505c3000d','10002','企业',NULL,'3',NULL),('4028e45d14caec910114eec53530000e','10002','班组',NULL,'1',NULL);

/*Data for the table `dd_dictionarytype` */

insert  into `dd_dictionarytype`(`DTID`,`DD__DTID`,`DTNAME`,`TABLEFIELD`,`DTSCOPE`,`ISSYSDATADIC`,`ORDERNO`,`REMARK`) values ('10001',NULL,'机构类型','organ__organtype','4','1','45',NULL),('10002',NULL,'部门类型','dept__depttype','1','15',NULL,NULL),('10003d',NULL,'岗位类型','quarter__quartertype','6','7',NULL,NULL);

/*Data for the table `dd_exprop` */

/*Data for the table `dd_exprop_system` */

/*Data for the table `dd_expropdata` */

/*Data for the table `odqe_dept` */

/*Data for the table `odqe_employee` */

/*Data for the table `odqe_employee_quarter` */

/*Data for the table `odqe_organ` */

/*Data for the table `odqe_organ_appsystem` */

/*Data for the table `odqe_quarter` */

/*Data for the table `pc_appsystem` */

insert  into `pc_appsystem`(`APPID`,`APPCODE`,`APPNAME`,`HASORGAN`,`HASPOPEDOM`,`HASSWARAJ`,`APPURL`,`FIRSTURL`,`FLASHURL`,`USERPARANAME`,`PASSPARANAME`,`ORDERNO`,`REMARK`) values ('1','xiaoxiang_system','系统管理','1','1','2','http://localhost:8180/xiaoxiang',NULL,NULL,NULL,NULL,'1','系统管理'),('4028e4d5207fc49f0120802c57380001','人才评价','人才评价','1','1','1','1','1','1','1','1','2','人才评价');

/*Data for the table `pc_menu` */

insert  into `pc_menu`(`MENUID`,`APPID`,`RESOURCEID`,`PC__MENUID`,`MENUCODE`,`MENUNAME`,`TARGET`,`MENUICON`,`HIDDEN`,`MENUTYPE`,`URL`,`ISEXPAND`,`TABSNAME`,`ORDERNO`,`REMARK`) values ('4028e40011c5f6030341c62983c10001','1',NULL,NULL,NULL,'组织机构','1','resource/icons/14.gif','2','1',NULL,NULL,NULL,'1',NULL),('4028e40011c5f6030341c62983c10002','1',NULL,NULL,NULL,'权限管理','1','resource/icons/14.gif','2','1',NULL,NULL,NULL,'2',NULL),('4028e40011c5f6030341c62983c10003','1',NULL,NULL,NULL,'数据字典','1','resource/icons/14.gif','2','1',NULL,NULL,NULL,'3',NULL),('4028e40011c5f6030341c62983c10004','1',NULL,NULL,NULL,'用户管理','1','resource/icons/14.gif','2','1',NULL,NULL,NULL,'4',NULL),('4028e40011c5f6030341c62983c10005','1',NULL,NULL,NULL,'公共模块','1','resource/icons/14.gif','2','1',NULL,NULL,NULL,'5',NULL),('4028e40011c5f6030341c62983c10006','1',NULL,NULL,NULL,'个人管理','1','resource/icons/14.gif','2','1',NULL,NULL,NULL,'6',NULL),('4028e40011caaea50222cae4d1040001','1','4028e40011c5f6030111c607fed40001','4028e40011c5f6030341c62983c10001',NULL,'机构管理','1','resource/icons/0.gif','2','2',NULL,NULL,NULL,'1',NULL),('4028e40011caaea50222cae4d1040002','1','4028e40011c5f6030111c607fed40002','4028e40011c5f6030341c62983c10001',NULL,'部门管理','1','resource/icons/0.gif','2','2',NULL,NULL,NULL,'1',NULL),('4028e40011caaea50222cae4d1040003','1','4028e40011c5f6030111c607fed40003','4028e40011c5f6030341c62983c10001',NULL,'岗位管理','1','resource/icons/0.gif','2','2',NULL,NULL,NULL,'1',NULL),('4028e40011caaea50222cae4d1040004','1','4028e40011c5f6030111c607fed40004','4028e40011c5f6030341c62983c10001',NULL,'员工管理','1','resource/icons/0.gif','2','2',NULL,NULL,NULL,'1',NULL),('4028e40011caaea50222cae4d1040005','1','4028e40011c5f6030111c607fed40005','4028e40011c5f6030341c62983c10001',NULL,'区域管理','1','resource/icons/0.gif','2','2',NULL,NULL,NULL,'1',NULL),('4028e40011caaea50333cae4d1040001','1','4028e4cc120dab1f01130dd7aa9c0001','4028e40011c5f6030341c62983c10002',NULL,'系统管理','1','resource/icons/0.gif','2','2',NULL,NULL,NULL,'1',NULL),('4028e40011caaea50333cae4d1040002','1','4028e4cc120dab1f01130dd7aa9c0002','4028e40011c5f6030341c62983c10002',NULL,'模块管理','1','resource/icons/0.gif','2','2',NULL,NULL,NULL,'2',NULL),('4028e40011caaea50333cae4d1040003','1','4028e4cc120dab1f01130dd7aa9c0003','4028e40011c5f6030341c62983c10002',NULL,'资源管理','1','resource/icons/0.gif','2','2',NULL,NULL,NULL,'3',NULL),('4028e40011caaea50333cae4d1040004','1','4028e4cc120dab1f01130dd7aa9c0004','4028e40011c5f6030341c62983c10002',NULL,'操作管理','1','resource/icons/0.gif','2','2',NULL,NULL,NULL,'4',NULL),('4028e40011caaea50333cae4d1040005','1','4028e4cc120dab1f01130dd7aa9c0005','4028e40011c5f6030341c62983c10002',NULL,'权限管理','1','resource/icons/0.gif','2','2',NULL,NULL,NULL,'5',NULL),('4028e40011caaea50333cae4d1040006','1','4028e4cc120dab1f01130dd7aa9c0006','4028e40011c5f6030341c62983c10002',NULL,'权限约束管理','1','resource/icons/0.gif','2','2',NULL,NULL,NULL,'6',NULL),('4028e40011caaea50333cae4d1040007','1','4028e4cc120dab1f01130dd7aa9c0007','4028e40011c5f6030341c62983c10002',NULL,'菜单管理','1','resource/icons/0.gif','2','2',NULL,NULL,NULL,'7',NULL),('4028e40011caaea50333cae4d1040008','1','4028e4cc120dab1f01130dd7aa9c0008','4028e40011c5f6030341c62983c10002',NULL,'快捷菜单','1','resource/icons/0.gif','2','2',NULL,NULL,NULL,'8',NULL),('4028e40011caaea50333cae4d1040009','1','4028e4cc120dab1f01130dd7aa9c0009','4028e40011c5f6030341c62983c10002',NULL,'角色类型管理','1','resource/icons/0.gif','2','2',NULL,NULL,NULL,'9',NULL),('4028e40011caaea50333cae4d1040011','1','4028e4cc120dab1f01130dd7aa9c0011','4028e40011c5f6030341c62983c10002',NULL,'角色管理','1','resource/icons/0.gif','2','2',NULL,NULL,NULL,'11',NULL),('4028e40011caaea50333cae4d1040012','1','4028e4cc120dab1f01130dd7aa9c0012','4028e40011c5f6030341c62983c10002',NULL,'角色约束管理','1','resource/icons/0.gif','2','2',NULL,NULL,NULL,'12',NULL),('4028e40011caaea50333cae4d1040013','1','4028e4cc120dab1f01130dd7aa9c0013','4028e40011c5f6030341c62983c10002',NULL,'角色代理管理','1','resource/icons/0.gif','2','2',NULL,NULL,NULL,'13',NULL),('4028e40011caaea50444cae4d1040001','1','4028e4e912935de50112037d2f7f0001','4028e40011c5f6030341c62983c10003',NULL,'字典类型管理','1','resource/icons/0.gif','2','2',NULL,NULL,NULL,'1',NULL),('4028e40011caaea50444cae4d1040002','1','4028e4e912935de50112037d2f7f0002','4028e40011c5f6030341c62983c10003',NULL,'用户字典','1','resource/icons/0.gif','2','2',NULL,NULL,NULL,'2',NULL),('4028e40011caaea50444cae4d1040003','1','4028e4e912935de50112037d2f7f0003','4028e40011c5f6030341c62983c10003',NULL,'系统字典','1','resource/icons/0.gif','2','2',NULL,NULL,NULL,'3',NULL),('4028e40011caaea50444cae4d1040004','1','4028e4e912935de50112037d2f7f0004','4028e40011c5f6030341c62983c10003',NULL,'扩展属性数据','1','resource/icons/0.gif','2','2',NULL,NULL,NULL,'4',NULL),('4028e40011caaea50444cae4d1040005','1','4028e4e912935de50112037d2f7f0005','4028e40011c5f6030341c62983c10003',NULL,'扩展属性管理','1','resource/icons/0.gif','2','2',NULL,NULL,NULL,'5',NULL),('4028e40011caaea50555cae4d1040001','1','4028e4dd12f961af0142f974ec150001','4028e40011c5f6030341c62983c10004',NULL,'用户管理','1','resource/icons/0.gif','2','2',NULL,NULL,NULL,'1',NULL),('4028e40011caaea50555cae4d1040002','1','4028e4dd12f961af0142f974ec150002','4028e40011c5f6030341c62983c10004',NULL,'用户组管理','1','resource/icons/0.gif','2','2',NULL,NULL,NULL,'2',NULL),('4028e40011caaea50555cae4d1040003','1','4028e4dd12f961af0142f974ec150003','4028e40011c5f6030341c62983c10004',NULL,'样式管理','1','resource/icons/0.gif','2','2',NULL,NULL,NULL,'3',NULL),('4028e40011caaea50555cae4d1040004','1','4028e4dd12f961af0142f974ec150004','4028e40011c5f6030341c62983c10004',NULL,'面版管理','1','resource/icons/0.gif','2','2',NULL,NULL,NULL,'4',NULL),('4028e40011caaea50555cae4d1040005','1','4028e4dd12f961af0142f974ec150005','4028e40011c5f6030341c62983c10004',NULL,'布局管理','1','resource/icons/0.gif','2','2',NULL,NULL,NULL,'5',NULL),('4028e40011caaea50555cae4d1040006','1','4028e4dd12f961af0142f974ec150006','4028e40011c5f6030341c62983c10004',NULL,'用户映射','1','resource/icons/0.gif','2','2',NULL,NULL,NULL,'6',NULL),('4028e40011caaea50555cae4d1040007','1','4028e4dd12f961af0142f974ec150007','4028e40011c5f6030341c62983c10004',NULL,'应用用户映射','1','resource/icons/0.gif','2','2',NULL,NULL,NULL,'7',NULL),('4028e40011caaea50666cae4d1040001','1','4028e4cc120dab1f01130dd2e5730001','4028e40011c5f6030341c62983c10005',NULL,'系统消息','1','resource/icons/0.gif','2','2',NULL,NULL,NULL,'1',NULL),('4028e40011caaea50666cae4d1040002','1','4028e4cc120dab1f01130dd2e5730002','4028e40011c5f6030341c62983c10005',NULL,'系统公告','1','resource/icons/0.gif','2','2',NULL,NULL,NULL,'2',NULL),('4028e40011caaea50666cae4d1040003','1','4028e4cc120dab1f01130dd2e5730003','4028e40011c5f6030341c62983c10005',NULL,'系统日志','1','resource/icons/0.gif','2','2',NULL,NULL,NULL,'3',NULL),('4028e40011caaea50666cae4d1040004','1','4028e4cc120dab1f01130dd2e5730004','4028e40011c5f6030341c62983c10005',NULL,'附件类型管理','1','resource/icons/0.gif','2','2',NULL,NULL,NULL,'4',NULL),('4028e40011caaea50666cae4d1040005','1','4028e4cc120dab1f01130dd2e5730005','4028e40011c5f6030341c62983c10005',NULL,'附件管理','1','resource/icons/0.gif','2','2',NULL,NULL,NULL,'5',NULL),('4028e40011caaea50777cae4d1040001','1','4028e4cc120dac1f01140dd2f5730001','4028e40011c5f6030341c62983c10006',NULL,'个人样式','1','resource/icons/0.gif','2','2',NULL,NULL,NULL,'1',NULL),('4028e40011caaea50777cae4d1040002','1','4028e4cc120dac1f01140dd2f5730002','4028e40011c5f6030341c62983c10006',NULL,'修改密码','1','resource/icons/0.gif','2','2',NULL,NULL,NULL,'2',NULL);

/*Data for the table `pc_module` */

insert  into `pc_module`(`MODULEID`,`APPID`,`PC__MODULEID`,`MODULECODE`,`MODULENAME`,`ORDERNO`,`REMARK`) values ('4028e44811c49ec10111c4d61ad60001','1',NULL,'001','组织机构','1',NULL),('4028e44811c49ec10111c4d61ad60002','1',NULL,'002','权限管理','2',NULL),('4028e44811c49ec10111c4d61ad60003','1',NULL,'003','数据字典','3',NULL),('4028e44811c49ec10111c4d61ad60004','1',NULL,'004','用户管理','4',NULL),('4028e44811c49ec10111c4d61ad60005','1',NULL,'005','公共模块','5',NULL),('4028e44811c49ec10111c4d61ad60006','1',NULL,'004','个人管理','6',NULL),('4028e44811c5939f0111c59646360001','1','4028e44811c49ec10111c4d61ad60001','001001','机构管理','1',NULL),('4028e44811c5939f0111c59646360002','1','4028e44811c49ec10111c4d61ad60001','001002','部门管理','2',NULL),('4028e44811c5939f0111c59646360003','1','4028e44811c49ec10111c4d61ad60001','001003','岗位管理','3',NULL),('4028e44811c5939f0111c59646360004','1','4028e44811c49ec10111c4d61ad60001','001004','员工管理','4',NULL),('4028e44811c5939f0111c59646360005','1','4028e44811c49ec10111c4d61ad60001','001005','区域管理','5',NULL),('4028e44811c5939f0111c59c842c0001','1','4028e44811c49ec10111c4d61ad60002','002001','系统管理','1',NULL),('4028e44811c5939f0111c59c842c0002','1','4028e44811c49ec10111c4d61ad60002','002002','模块管理','2',NULL),('4028e44811c5939f0111c59c842c0003','1','4028e44811c49ec10111c4d61ad60002','002003','资源管理','3',NULL),('4028e44811c5939f0111c59c842c0004','1','4028e44811c49ec10111c4d61ad60002','002004','操作管理','4',NULL),('4028e44811c5939f0111c59c842c0005','1','4028e44811c49ec10111c4d61ad60002','002005','权限管理','5',NULL),('4028e44811c5939f0111c59c842c0006','1','4028e44811c49ec10111c4d61ad60002','002006','权限约束管理','6',NULL),('4028e44811c5939f0111c59c842c0007','1','4028e44811c49ec10111c4d61ad60002','002007','菜单管理','7',NULL),('4028e44811c5939f0111c59c842c0008','1','4028e44811c49ec10111c4d61ad60002','002008','快捷菜单','8',NULL),('4028e44811c5939f0111c59c842c0009','1','4028e44811c49ec10111c4d61ad60002','002009','角色类型管理','9',NULL),('4028e44811c5939f0111c59c842c0011','1','4028e44811c49ec10111c4d61ad60002','002011','角色管理','11',NULL),('4028e44811c5939f0111c59c842c0012','1','4028e44811c49ec10111c4d61ad60002','002012','角色约束管理','12',NULL),('4028e44811c5939f0111c59c842c0013','1','4028e44811c49ec10111c4d61ad60002','002013','角色代理管理','13',NULL),('4028e44811c5939f0111c59ef1340001','1','4028e44811c49ec10111c4d61ad60004','004001','用户管理','1',NULL),('4028e44811c5939f0111c59ef1340002','1','4028e44811c49ec10111c4d61ad60004','004003','样式管理','3',NULL),('4028e44811c5939f0111c59ef1340003','1','4028e44811c49ec10111c4d61ad60004','004004','面版管理','4',NULL),('4028e44811c5939f0111c59ef1340004','1','4028e44811c49ec10111c4d61ad60004','004005','布局管理','5',NULL),('4028e44811c5939f0111c59ef1340005','1','4028e44811c49ec10111c4d61ad60004','004002','用户组管理','2',NULL),('4028e44811c5939f0111c59ef1340006','1','4028e44811c49ec10111c4d61ad60004','004006','用户映射','6',NULL),('4028e44811c5939f0111c59ef1340007','1','4028e44811c49ec10111c4d61ad60004','004007','应用用户映射','7',NULL),('4028e44811c5939f0111c5a0e4980001','1','4028e44811c49ec10111c4d61ad60003','003001','字典类型管理','1',NULL),('4028e44811c5939f0111c5a0e4980002','1','4028e44811c49ec10111c4d61ad60003','003002','用户字典','2',NULL),('4028e44811c5939f0111c5a0e4980003','1','4028e44811c49ec10111c4d61ad60003','003003','系统字典','3',NULL),('4028e44811c5939f0111c5a0e4980004','1','4028e44811c49ec10111c4d61ad60003','003004','扩展属性数据','4',NULL),('4028e44811c5939f0111c5a0e4980005','1','4028e44811c49ec10111c4d61ad60003','003005','扩展属性管理','5',NULL),('4028e44811c5939f0111c5aac4ac0001','1','4028e44811c49ec10111c4d61ad60005','005001','系统消息','1',NULL),('4028e44811c5939f0111c5aac4ac0002','1','4028e44811c49ec10111c4d61ad60005','005002','系统公告','2',NULL),('4028e44811c5939f0111c5aac4ac0003','1','4028e44811c49ec10111c4d61ad60005','005003','系统日志','3',NULL),('4028e44811c5939f0111c5aac4ac0004','1','4028e44811c49ec10111c4d61ad60005','005004','附件类型管理','4',NULL),('4028e44811c5939f0111c5aac4ac0005','1','4028e44811c49ec10111c4d61ad60005','005005','附件管理','5',NULL),('4028e44811c5939f0111c6aac4ac0001','1','4028e44811c49ec10111c4d61ad60006','006001','个人样式','1',NULL),('4028e44811c5939f0111c6aac4ac0002','1','4028e44811c49ec10111c4d61ad60006','006002','修改密码','2',NULL);

/*Data for the table `pc_operation` */

insert  into `pc_operation`(`OPERATIONID`,`OPERATIONCODE`,`OPERATIONNAME`,`ORDERNO`,`REMARK`) values ('1','save','增加','1',NULL),('16','view','查看','5',NULL),('2','update','修改','2',NULL),('4','delete','删除','3',NULL),('8','batchdelete','批量删除','4',NULL);

/*Data for the table `pc_permission` */

/*Data for the table `pc_permission_constraint` */

/*Data for the table `pc_resource` */

insert  into `pc_resource`(`RESOURCEID`,`MODULEID`,`RESOURCECODE`,`RESOURCENAME`,`RESOURCETYPE`,`RESOURCEURL`,`ALLOW_DISTRIBUTE`,`ORDERNO`,`REMARK`) values ('4028e40011c5f6030111c607fed40001','4028e44811c5939f0111c59646360001','organ','机构管理','1','/odqeorgan/showJmesaList.action',NULL,'1',NULL),('4028e40011c5f6030111c607fed40002','4028e44811c5939f0111c59646360002','dept','部门管理','1','/odqedept/showJmesaList.action',NULL,'2',NULL),('4028e40011c5f6030111c607fed40003','4028e44811c5939f0111c59646360003','quarter','岗位管理','1','/odqequarter/showJmesaList.action',NULL,'3',NULL),('4028e40011c5f6030111c607fed40004','4028e44811c5939f0111c59646360004','employee','员工管理','1','/odqeemployee/showJmesaList.action',NULL,'4',NULL),('4028e40011c5f6030111c607fed40005','4028e44811c5939f0111c59646360005','area','区域管理','1','/area/showJmesaList.action',NULL,'5',NULL),('4028e4cc120dab1f01130dd2e5730001','4028e44811c5939f0111c5aac4ac0001','commsysmessage','系统消息','1','/commsysmessage/showJmesaList.action',NULL,'1',NULL),('4028e4cc120dab1f01130dd2e5730002','4028e44811c5939f0111c5aac4ac0002','commsysaffiche','系统公告','1','/commsysaffiche/showJmesaList.action',NULL,'2',NULL),('4028e4cc120dab1f01130dd2e5730003','4028e44811c5939f0111c5aac4ac0003','commlogmanage','系统日志','1','/commlogmanage/showJmesaList.action',NULL,'3',NULL),('4028e4cc120dab1f01130dd2e5730004','4028e44811c5939f0111c5aac4ac0004','commannextype','附件类型管理','1','/commannextype/showJmesaList.action',NULL,'4',NULL),('4028e4cc120dab1f01130dd2e5730005','4028e44811c5939f0111c5aac4ac0005','commannex','附件管理','1','/commannex/showJmesaList.action',NULL,'5',NULL),('4028e4cc120dab1f01130dd7aa9c0001','4028e44811c5939f0111c59c842c0001','pcappsystem','系统管理','1','/pcappsystem/showJmesaList.action',NULL,'1',NULL),('4028e4cc120dab1f01130dd7aa9c0002','4028e44811c5939f0111c59c842c0002','pcmodule','模块管理','1','/pcmodule/showJmesaList.action',NULL,'2',NULL),('4028e4cc120dab1f01130dd7aa9c0003','4028e44811c5939f0111c59c842c0003','pcresource','资源管理','1','/pcresource/showJmesaList.action',NULL,'3',NULL),('4028e4cc120dab1f01130dd7aa9c0004','4028e44811c5939f0111c59c842c0004','pcoperation','操作管理','1','/pcoperation/showJmesaList.action',NULL,'4',NULL),('4028e4cc120dab1f01130dd7aa9c0005','4028e44811c5939f0111c59c842c0005','pcpermission','权限管理','1','/pcpermission/showJmesaList.action',NULL,'5',NULL),('4028e4cc120dab1f01130dd7aa9c0006','4028e44811c5939f0111c59c842c0006','pcpermissionconstraint','权限约束管理','1','/pcpermissionconstraint/showJmesaList.action',NULL,'6',NULL),('4028e4cc120dab1f01130dd7aa9c0007','4028e44811c5939f0111c59c842c0007','pcmenu','菜单管理','1','/pcmenu/showJmesaList.action',NULL,'7',NULL),('4028e4cc120dab1f01130dd7aa9c0008','4028e44811c5939f0111c59c842c0008','pcshortcutmenu','快捷菜单','1','/pcshortcutmenu/showJmesaList.action',NULL,'8',NULL),('4028e4cc120dab1f01130dd7aa9c0009','4028e44811c5939f0111c59c842c0009','roletype','角色类型管理','1','/roletype/showJmesaList.action',NULL,'9',NULL),('4028e4cc120dab1f01130dd7aa9c0011','4028e44811c5939f0111c59c842c0011','role','角色管理','1','/role/showJmesaList.action',NULL,'11',NULL),('4028e4cc120dab1f01130dd7aa9c0012','4028e44811c5939f0111c59c842c0012','roleconstraint','角色约束管理','1','/roleconstraint/showJmesaList.action',NULL,'12',NULL),('4028e4cc120dab1f01130dd7aa9c0013','4028e44811c5939f0111c59c842c0013','roledelegate','角色代理管理','1','/roledelegate/showJmesaList.action',NULL,'13',NULL),('4028e4cc120dac1f01140dd2f5730001','4028e44811c5939f0111c6aac4ac0001','userstyleupdate','个人样式','1','/userstyle/showJmesaList.action',NULL,'1',NULL),('4028e4cc120dac1f01140dd2f5730002','4028e44811c5939f0111c6aac4ac0002','userpwd','修改密码','1','/userinfo/showJmesaList.action',NULL,'2',NULL),('4028e4dd12f961af0142f974ec150001','4028e44811c5939f0111c59ef1340001','userinfo','用户管理','1','/userinfo/showJmesaList.action',NULL,'1',NULL),('4028e4dd12f961af0142f974ec150002','4028e44811c5939f0111c59ef1340002','usergroup','用户组管理','1','/usergroup/showJmesaList.action',NULL,'2',NULL),('4028e4dd12f961af0142f974ec150003','4028e44811c5939f0111c59ef1340003','userstyle','样式管理','1','/userstyle/showJmesaList.action',NULL,'3',NULL),('4028e4dd12f961af0142f974ec150004','4028e44811c5939f0111c59ef1340004','userpanel','面版管理','1','/userpanel/showJmesaList.action',NULL,'4',NULL),('4028e4dd12f961af0142f974ec150005','4028e44811c5939f0111c59ef1340005','userlayout','布局管理','1','/userlayout/showJmesaList.action',NULL,'5',NULL),('4028e4dd12f961af0142f974ec150006','4028e44811c5939f0111c59ef1340006','usermapp','用户映射','1','/usermapp/showJmesaList.action',NULL,'6',NULL),('4028e4dd12f961af0142f974ec150007','4028e44811c5939f0111c59ef1340007','userappusermapp','应用用户映射','1','/userappusermapp/showJmesaList.action',NULL,'7',NULL),('4028e4e912935de50112037d2f7f0001','4028e44811c5939f0111c5a0e4980001','dddictionarytype','字典类型管理','1','/dddictionarytype/showJmesaList.action',NULL,'1',NULL),('4028e4e912935de50112037d2f7f0002','4028e44811c5939f0111c5a0e4980002','userdictionary','用户字典','1','/dddictionary/showJmesaList.action',NULL,'2',NULL),('4028e4e912935de50112037d2f7f0003','4028e44811c5939f0111c5a0e4980003','systemdictionary','系统字典','1','/dddictionary/showJmesaList.action',NULL,'3',NULL),('4028e4e912935de50112037d2f7f0004','4028e44811c5939f0111c5a0e4980004','ddexpropdata','扩展属性数据','1','/ddexpropdata/showJmesaList.action',NULL,'4',NULL),('4028e4e912935de50112037d2f7f0005','4028e44811c5939f0111c5a0e4980005','ddexprop','扩展属性管理','1','/ddexprop/showJmesaList.action',NULL,'5',NULL);

/*Data for the table `pc_shortcutmenu` */

/*Data for the table `role` */

/*Data for the table `role_constraint` */

/*Data for the table `role_delegate` */

/*Data for the table `role_dept` */

/*Data for the table `role_permission` */

/*Data for the table `role_quarter` */

/*Data for the table `role_type` */

/*Data for the table `role_user` */

/*Data for the table `role_usergroup` */

/*Data for the table `sdsdf` */

insert  into `sdsdf`(`insert into AREA (AREAID`,`ARE_AREAID`,`AREACODE`,`AREANAME`,`ORDERNO`,`REMARK)`) values ('insert into AREA (AREAID',' ARE_AREAID',' AREACODE',' AREANAME',' ORDERNO',' REMARK)'),('values (\'1\'',' null',' \'1\'','',' 1',' null);'),('insert into AREA (AREAID',' ARE_AREAID',' AREACODE',' AREANAME',' ORDERNO',' REMARK)'),('values (\'2\'',' null',' \'2\'','',' 2',' null);'),('insert into AREA (AREAID',' ARE_AREAID',' AREACODE',' AREANAME',' ORDERNO',' REMARK)'),('values (\'3\'',' null',' \'3\'','',' 3',' null);'),('insert into AREA (AREAID',' ARE_AREAID',' AREACODE',' AREANAME',' ORDERNO',' REMARK)'),('values (\'4\'',' null',' \'4\'','',' 4',' null);'),('insert into AREA (AREAID',' ARE_AREAID',' AREACODE',' AREANAME',' ORDERNO',' REMARK)'),('values (\'5\'',' null',' \'5\'','',' 5',' null);'),('insert into AREA (AREAID',' ARE_AREAID',' AREACODE',' AREANAME',' ORDERNO',' REMARK)'),('values (\'6\'',' null',' \'6\'','',' 6',' null);'),('insert into AREA (AREAID',' ARE_AREAID',' AREACODE',' AREANAME',' ORDERNO',' REMARK)'),('values (\'7\'',' null',' \'7\'','',' 7',' null);'),('insert into AREA (AREAID',' ARE_AREAID',' AREACODE',' AREANAME',' ORDERNO',' REMARK)'),('values (\'01\'',' \'1\'',' \'1\'','',' 9',' null);'),('insert into AREA (AREAID',' ARE_AREAID',' AREACODE',' AREANAME',' ORDERNO',' REMARK)'),('values (\'02\'',' \'1\'',' \'2\'','',' 10',' null);'),('insert into AREA (AREAID',' ARE_AREAID',' AREACODE',' AREANAME',' ORDERNO',' REMARK)'),('values (\'03\'',' \'2\'',' \'3\'','',' 11',' null);'),('insert into AREA (AREAID',' ARE_AREAID',' AREACODE',' AREANAME',' ORDERNO',' REMARK)'),('values (\'04\'',' \'2\'',' \'4\'','',' 12',' null);'),('insert into AREA (AREAID',' ARE_AREAID',' AREACODE',' AREANAME',' ORDERNO',' REMARK)'),('values (\'05\'',' \'2\'',' \'5\'','',' 13',' null);'),('insert into AREA (AREAID',' ARE_AREAID',' AREACODE',' AREANAME',' ORDERNO',' REMARK)'),('values (\'06\'',' \'2\'',' \'6\'','',' 14',' null);'),('insert into AREA (AREAID',' ARE_AREAID',' AREACODE',' AREANAME',' ORDERNO',' REMARK)'),('values (\'07\'',' \'3\'',' \'7\'','',' 15',' null);'),('insert into AREA (AREAID',' ARE_AREAID',' AREACODE',' AREANAME',' ORDERNO',' REMARK)'),('values (\'08\'',' \'3\'',' \'8\'','',' 16',' null);'),('insert into AREA (AREAID',' ARE_AREAID',' AREACODE',' AREANAME',' ORDERNO',' REMARK)'),('values (\'09\'',' \'4\'',' \'9\'','',' 17',' null);'),('insert into AREA (AREAID',' ARE_AREAID',' AREACODE',' AREANAME',' ORDERNO',' REMARK)'),('values (\'10\'',' \'5\'',' \'10\'','',' 18',' null);'),('insert into AREA (AREAID',' ARE_AREAID',' AREACODE',' AREANAME',' ORDERNO',' REMARK)'),('values (\'11\'',' \'5\'',' \'11\'','',' 19',' null);'),('insert into AREA (AREAID',' ARE_AREAID',' AREACODE',' AREANAME',' ORDERNO',' REMARK)'),('values (\'12\'',' \'5\'',' \'12\'','',' 20',' null);'),('insert into AREA (AREAID',' ARE_AREAID',' AREACODE',' AREANAME',' ORDERNO',' REMARK)'),('values (\'110\'',' \'2\'',' \'13\'','',' 21',' null);'),('insert into AREA (AREAID',' ARE_AREAID',' AREACODE',' AREANAME',' ORDERNO',' REMARK)'),('values (\'130\'',' \'6\'',' \'14\'','',' 22',' null);'),('insert into AREA (AREAID',' ARE_AREAID',' AREACODE',' AREANAME',' ORDERNO',' REMARK)'),('values (\'190\'',' \'6\'',' \'31\'','',' 23',' null);'),('insert into AREA (AREAID',' ARE_AREAID',' AREACODE',' AREANAME',' ORDERNO',' REMARK)'),('values (\'191\'',' \'7\'',' \'32\'','',' 24',' null);'),('insert into AREA (AREAID',' ARE_AREAID',' AREACODE',' AREANAME',' ORDERNO',' REMARK)'),('values (\'160\'',' \'5\'',' \'15\'','',' 25',' null);'),('insert into AREA (AREAID',' ARE_AREAID',' AREACODE',' AREANAME',' ORDERNO',' REMARK)'),('values (\'161\'',' \'1\'',' \'16\'','',' 26',' null);'),('insert into AREA (AREAID',' ARE_AREAID',' AREACODE',' AREANAME',' ORDERNO',' REMARK)'),('values (\'162\'',' \'1\'',' \'17\'','',' 27',' null);'),('insert into AREA (AREAID',' ARE_AREAID',' AREACODE',' AREANAME',' ORDERNO',' REMARK)'),('values (\'163\'',' \'1\'',' \'18\'','',' 28',' null);'),('insert into AREA (AREAID',' ARE_AREAID',' AREACODE',' AREANAME',' ORDERNO',' REMARK)'),('values (\'164\'',' \'3\'',' \'19\'','',' 29',' null);'),('insert into AREA (AREAID',' ARE_AREAID',' AREACODE',' AREANAME',' ORDERNO',' REMARK)'),('values (\'165\'',' \'4\'',' \'20\'','',' 30',' null);'),('insert into AREA (AREAID',' ARE_AREAID',' AREACODE',' AREANAME',' ORDERNO',' REMARK)'),('values (\'166\'',' \'4\'',' \'21\'','',' 31',' null);'),('insert into AREA (AREAID',' ARE_AREAID',' AREACODE',' AREANAME',' ORDERNO',' REMARK)'),('values (\'167\'',' \'7\'',' \'22\'','',' 32',' null);'),('insert into AREA (AREAID',' ARE_AREAID',' AREACODE',' AREANAME',' ORDERNO',' REMARK)'),('values (\'168\'',' \'7\'',' \'23\'','',' 33',' null);'),('insert into AREA (AREAID',' ARE_AREAID',' AREACODE',' AREANAME',' ORDERNO',' REMARK)'),('values (\'169\'',' \'7\'',' \'24\'','',' 34',' null);'),('insert into AREA (AREAID',' ARE_AREAID',' AREACODE',' AREANAME',' ORDERNO',' REMARK)'),('values (\'170\'',' \'7\'',' \'25\'','',' 35',' null);'),('insert into AREA (AREAID',' ARE_AREAID',' AREACODE',' AREANAME',' ORDERNO',' REMARK)'),('values (\'171\'',' \'6\'',' \'26\'','',' 36',' null);'),('insert into AREA (AREAID',' ARE_AREAID',' AREACODE',' AREANAME',' ORDERNO',' REMARK)'),('values (\'172\'',' \'6\'',' \'27\'','',' 37',' null);'),('insert into AREA (AREAID',' ARE_AREAID',' AREACODE',' AREANAME',' ORDERNO',' REMARK)'),('values (\'173\'',' \'5\'',' \'28\'','',' 38',' null);'),('insert into AREA (AREAID',' ARE_AREAID',' AREACODE',' AREANAME',' ORDERNO',' REMARK)'),('values (\'174\'',' \'1\'',' \'29\'','',' 39',' null);'),('insert into AREA (AREAID',' ARE_AREAID',' AREACODE',' AREANAME',' ORDERNO',' REMARK)'),('values (\'175\'',' \'7\'',' \'30\'','',' 40',' null);'),('commit;','','','','','');

/*Data for the table `user_appusermapp` */

/*Data for the table `user_info` */

/*Data for the table `user_layout` */

/*Data for the table `user_mapp` */

/*Data for the table `user_panel` */

/*Data for the table `user_style` */

/*Data for the table `user_usergroup` */

/*Data for the table `usergroup` */

insert  into `usergroup`(`GROUPID`,`USE_GROUPID`,`GROUPCODE`,`GROUPNAME`,`ORDERNO`,`REMARK`) values ('4028e95220a9b2400120a9b9b6f60002',NULL,'admin_group','管理员组','1','管理员组,包括所有功能'),('4028e95220a9b2400120a9b9b6f60003',NULL,'admin_group_manager','管理管理员组','1','可以为角色赋权并把角色分配给用户'),('4028e95220a9b2400120a9b9b6f60004',NULL,'admin_group_business','业务管理员组','1','行使业务行为管理员组,不能把角色分配给用户');

/*!40101 SET SQL_MODE=@OLD_SQL_MODE */;
/*!40014 SET FOREIGN_KEY_CHECKS=@OLD_FOREIGN_KEY_CHECKS */;
